-- MySQL Script generated by MySQL Workbench
-- 09/11/18 17:32:16
-- Model: DER_Radiko    Version: 1.0

-- Base de datos de Rádiko

-- MySQL Workbench Forward Engineering

SET @OLD_UNIQUE_CHECKS=@@UNIQUE_CHECKS, UNIQUE_CHECKS=0;
SET @OLD_FOREIGN_KEY_CHECKS=@@FOREIGN_KEY_CHECKS, FOREIGN_KEY_CHECKS=0;
SET @OLD_SQL_MODE=@@SQL_MODE, SQL_MODE='TRADITIONAL,ALLOW_INVALID_DATES';

-- -----------------------------------------------------
-- Schema radiko_db
-- -----------------------------------------------------

-- -----------------------------------------------------
-- Schema radiko_db
-- -----------------------------------------------------
CREATE SCHEMA IF NOT EXISTS `radiko_db` DEFAULT CHARACTER SET utf8mb4 ;
USE `radiko_db` ;

-- -----------------------------------------------------
-- Table `radiko_db`.`USUARIOS`
-- -----------------------------------------------------
CREATE TABLE IF NOT EXISTS `radiko_db`.`USUARIOS` (
  `id_usuario` INT UNSIGNED NOT NULL AUTO_INCREMENT,
  `nombre` VARCHAR(45) NULL,
  `apellido` VARCHAR(45) NULL,
  `email` VARCHAR(100) NOT NULL,
  `password` VARCHAR(100) NOT NULL,
  `telefono` VARCHAR(20) NOT NULL,
  `foto` VARCHAR(255) NULL,
  `fecha_alta` DATETIME NOT NULL,
  `estado` ENUM('activo','suspendido','dado de baja','pendiente de pago') NOT NULL,
  UNIQUE INDEX `Email_UNIQUE` (`email` ASC),
  PRIMARY KEY (`id_usuario`))
ENGINE = InnoDB;


-- -----------------------------------------------------
-- Table `radiko_db`.`ADMINISTRADORES`
-- -----------------------------------------------------
CREATE TABLE IF NOT EXISTS `radiko_db`.`ADMINISTRADORES` (
  `fk_usuario` INT UNSIGNED NOT NULL,
  INDEX `fk_ADMINISTRADORES_USUARIOS_idx` (`fk_usuario` ASC),
  PRIMARY KEY (`fk_usuario`),
  CONSTRAINT `fk_ADMINISTRADORES_USUARIOS`
    FOREIGN KEY (`fk_usuario`)
    REFERENCES `radiko_db`.`USUARIOS` (`id_usuario`)
    ON DELETE RESTRICT
    ON UPDATE CASCADE)
ENGINE = InnoDB;


-- -----------------------------------------------------
-- Table `radiko_db`.`CLIENTES`
-- -----------------------------------------------------
CREATE TABLE IF NOT EXISTS `radiko_db`.`CLIENTES` (
  `fk_usuario` INT UNSIGNED NOT NULL,
  `dni` INT(8) UNSIGNED NULL,
  `fecha_nac` DATE NULL,
  UNIQUE INDEX `dni_UNIQUE` (`dni` ASC),
  INDEX `fk_CLIENTES_USUARIOS1_idx` (`fk_usuario` ASC),
  PRIMARY KEY (`fk_usuario`),
  CONSTRAINT `fk_CLIENTES_USUARIOS1`
    FOREIGN KEY (`fk_usuario`)
    REFERENCES `radiko_db`.`USUARIOS` (`id_usuario`)
    ON DELETE RESTRICT
    ON UPDATE CASCADE)
ENGINE = InnoDB
COMMENT = 'El ID no es autoincrementable';


-- -----------------------------------------------------
-- Table `radiko_db`.`TIPOS_HUERTAS`
-- -----------------------------------------------------
CREATE TABLE IF NOT EXISTS `radiko_db`.`TIPOS_HUERTAS` (
  `id_tipo_huerta` TINYINT(2) UNSIGNED NOT NULL AUTO_INCREMENT,
  `tipo` VARCHAR(45) NOT NULL,
  PRIMARY KEY (`id_tipo_huerta`),
  UNIQUE INDEX `tipo_UNIQUE` (`tipo` ASC))
ENGINE = InnoDB;


-- -----------------------------------------------------
-- Table `radiko_db`.`HUERTAS`
-- -----------------------------------------------------
CREATE TABLE IF NOT EXISTS `radiko_db`.`HUERTAS` (
  `id_huerta` INT UNSIGNED NOT NULL AUTO_INCREMENT,
  `nombre_huerta` VARCHAR(100) NOT NULL,
  `cuit` BIGINT(11) UNSIGNED NOT NULL,
  `razon_social` VARCHAR(100) NOT NULL,
  `direccion` VARCHAR(50) NULL,
  `cantidad_max_envios` TINYINT(3) UNSIGNED NULL,
  `TIPO_HUERTA_id_tipo_huerta` TINYINT(2) UNSIGNED NOT NULL,
  `USUARIOS_id_usuario` INT UNSIGNED NOT NULL,
  PRIMARY KEY (`id_huerta`),
  INDEX `fk_HUERTAS_TIPO_HUERTA1_idx` (`TIPO_HUERTA_id_tipo_huerta` ASC),
  INDEX `fk_HUERTAS_USUARIOS1_idx` (`USUARIOS_id_usuario` ASC),
  CONSTRAINT `fk_HUERTAS_TIPO_HUERTA1`
    FOREIGN KEY (`TIPO_HUERTA_id_tipo_huerta`)
    REFERENCES `radiko_db`.`TIPOS_HUERTAS` (`id_tipo_huerta`)
    ON DELETE RESTRICT
    ON UPDATE CASCADE,
  CONSTRAINT `fk_HUERTAS_USUARIOS1`
    FOREIGN KEY (`USUARIOS_id_usuario`)
    REFERENCES `radiko_db`.`USUARIOS` (`id_usuario`)
    ON DELETE NO ACTION
    ON UPDATE NO ACTION)
ENGINE = InnoDB;


-- -----------------------------------------------------
-- Table `radiko_db`.`CATEGORIAS`
-- -----------------------------------------------------
CREATE TABLE IF NOT EXISTS `radiko_db`.`CATEGORIAS` (
  `id_categoria` TINYINT(2) UNSIGNED NOT NULL,
  `categoria` VARCHAR(45) NOT NULL,
  `descripcion` TEXT(1000) NULL,
  PRIMARY KEY (`id_categoria`),
  UNIQUE INDEX `categoria_UNIQUE` (`categoria` ASC))
ENGINE = InnoDB;


-- -----------------------------------------------------
-- Table `radiko_db`.`UNIDADES_DE_MEDIDA`
-- -----------------------------------------------------
CREATE TABLE IF NOT EXISTS `radiko_db`.`UNIDADES_DE_MEDIDA` (
  `id_unidad_medida` INT UNSIGNED NOT NULL AUTO_INCREMENT,
  `unidad_de_medida` VARCHAR(45) NULL,
  PRIMARY KEY (`id_unidad_medida`))
ENGINE = InnoDB;


-- -----------------------------------------------------
-- Table `radiko_db`.`PRODUCTOS`
-- -----------------------------------------------------
CREATE TABLE IF NOT EXISTS `radiko_db`.`PRODUCTOS` (
  `id_producto` INT UNSIGNED NOT NULL AUTO_INCREMENT,
  `producto` VARCHAR(100) NOT NULL,
  `descripcion` TEXT(1000) NULL,
  `marca` VARCHAR(45) NULL,
  `precio` FLOAT(6,2) NOT NULL,
  `foto` VARCHAR(255) NULL,
  `stock` INT NOT NULL,
  `estado` BIT NULL,
  `fecha_alta` DATETIME NOT NULL,
  `fecha_baja` DATETIME NOT NULL,
  `HUERTAS_fk_usuario` INT UNSIGNED NOT NULL,
  `CATEGORIAS_id_categoria` TINYINT(2) UNSIGNED NOT NULL,
  `UNIDADES_DE_MEDIDA_id_unidad_medida` INT UNSIGNED NOT NULL,
  `HUERTAS_id_huerta` INT UNSIGNED NOT NULL,
  PRIMARY KEY (`id_producto`, `HUERTAS_id_huerta`),
  INDEX `fk_PRODUCTOS_CATEGORIAS1_idx` (`CATEGORIAS_id_categoria` ASC),
  INDEX `fk_PRODUCTOS_UNIDADES_DE_MEDIDA1_idx` (`UNIDADES_DE_MEDIDA_id_unidad_medida` ASC),
  INDEX `fk_PRODUCTOS_HUERTAS1_idx` (`HUERTAS_id_huerta` ASC),
  CONSTRAINT `fk_PRODUCTOS_CATEGORIAS1`
    FOREIGN KEY (`CATEGORIAS_id_categoria`)
    REFERENCES `radiko_db`.`CATEGORIAS` (`id_categoria`)
    ON DELETE RESTRICT
    ON UPDATE CASCADE,
  CONSTRAINT `fk_PRODUCTOS_UNIDADES_DE_MEDIDA1`
    FOREIGN KEY (`UNIDADES_DE_MEDIDA_id_unidad_medida`)
    REFERENCES `radiko_db`.`UNIDADES_DE_MEDIDA` (`id_unidad_medida`)
    ON DELETE RESTRICT
    ON UPDATE CASCADE,
  CONSTRAINT `fk_PRODUCTOS_HUERTAS1`
    FOREIGN KEY (`HUERTAS_id_huerta`)
    REFERENCES `radiko_db`.`HUERTAS` (`id_huerta`)
    ON DELETE NO ACTION
    ON UPDATE NO ACTION)
ENGINE = InnoDB;


-- -----------------------------------------------------
-- Table `radiko_db`.`BARRIOS`
-- -----------------------------------------------------
CREATE TABLE IF NOT EXISTS `radiko_db`.`BARRIOS` (
  `id_barrio` INT UNSIGNED NOT NULL AUTO_INCREMENT,
  `barrio` VARCHAR(100) NOT NULL,
  PRIMARY KEY (`id_barrio`))
ENGINE = InnoDB;


-- -----------------------------------------------------
-- Table `radiko_db`.`DIRECCIONES`
-- -----------------------------------------------------
CREATE TABLE IF NOT EXISTS `radiko_db`.`DIRECCIONES` (
  `id_direccion` INT UNSIGNED NOT NULL AUTO_INCREMENT,
  `referencia` VARCHAR(50) NULL,
  `calle` VARCHAR(100) NOT NULL,
  `numero` VARCHAR(45) NOT NULL,
  `piso` VARCHAR(10) NULL,
  `departamento` VARCHAR(10) NULL,
  `telefono` VARCHAR(20) NULL,
  `aclaracion` VARCHAR(255) NULL,
  `tipo` BIT NOT NULL,
  `BARRIOS_id_barrio` INT UNSIGNED NOT NULL,
  `CLIENTES_fk_usuario` INT UNSIGNED NOT NULL,
  PRIMARY KEY (`id_direccion`),
  INDEX `fk_DIRECCIONES_BARRIOS1_idx` (`BARRIOS_id_barrio` ASC),
  INDEX `fk_DIRECCIONES_CLIENTES1_idx` (`CLIENTES_fk_usuario` ASC),
  CONSTRAINT `fk_DIRECCIONES_BARRIOS1`
    FOREIGN KEY (`BARRIOS_id_barrio`)
    REFERENCES `radiko_db`.`BARRIOS` (`id_barrio`)
    ON DELETE RESTRICT
    ON UPDATE CASCADE,
  CONSTRAINT `fk_DIRECCIONES_CLIENTES1`
    FOREIGN KEY (`CLIENTES_fk_usuario`)
    REFERENCES `radiko_db`.`CLIENTES` (`fk_usuario`)
    ON DELETE RESTRICT
    ON UPDATE CASCADE)
ENGINE = InnoDB;


-- -----------------------------------------------------
-- Table `radiko_db`.`ENVIOS`
-- -----------------------------------------------------
CREATE TABLE IF NOT EXISTS `radiko_db`.`ENVIOS` (
  `id_envio` INT UNSIGNED NOT NULL,
  `costo_envio` FLOAT(8,2) NULL,
  `fecha_envio` DATE NOT NULL,
  `DIRECCIONES_id_direccion` INT UNSIGNED NOT NULL,
  PRIMARY KEY (`id_envio`),
  INDEX `fk_ENVIO_DIRECCIONES1_idx` (`DIRECCIONES_id_direccion` ASC),
  CONSTRAINT `fk_ENVIO_DIRECCIONES1`
    FOREIGN KEY (`DIRECCIONES_id_direccion`)
    REFERENCES `radiko_db`.`DIRECCIONES` (`id_direccion`)
    ON DELETE RESTRICT
    ON UPDATE CASCADE)
ENGINE = InnoDB;


-- -----------------------------------------------------
-- Table `radiko_db`.`TIPOS_PAGOS`
-- -----------------------------------------------------
CREATE TABLE IF NOT EXISTS `radiko_db`.`TIPOS_PAGOS` (
  `id_tipo_pago` TINYINT(2) UNSIGNED NOT NULL AUTO_INCREMENT,
  `tipo_pago` VARCHAR(100) NOT NULL,
  PRIMARY KEY (`id_tipo_pago`),
  UNIQUE INDEX `tipo_pago_UNIQUE` (`tipo_pago` ASC))
ENGINE = InnoDB;


-- -----------------------------------------------------
-- Table `radiko_db`.`ESTADOS_PEDIDOS`
-- -----------------------------------------------------
CREATE TABLE IF NOT EXISTS `radiko_db`.`ESTADOS_PEDIDOS` (
  `id_estado` TINYINT(2) UNSIGNED NOT NULL AUTO_INCREMENT,
  `estado` VARCHAR(45) NOT NULL,
  PRIMARY KEY (`id_estado`),
  UNIQUE INDEX `estado_UNIQUE` (`estado` ASC))
ENGINE = InnoDB;


-- -----------------------------------------------------
-- Table `radiko_db`.`DISPONIBILIDADES`
-- -----------------------------------------------------
CREATE TABLE IF NOT EXISTS `radiko_db`.`DISPONIBILIDADES` (
  `id_disponibilidad` INT UNSIGNED NOT NULL AUTO_INCREMENT,
  `dias` SET('lunes','martes','miercoles','jueves','viernes','sabado','domingo') NOT NULL,
  `horario_inicio` TIME NOT NULL,
  `horario_final` TIME NOT NULL,
  `HUERTAS_fk_usuario` INT UNSIGNED NOT NULL,
  `HUERTAS_id_huerta` INT UNSIGNED NOT NULL,
  PRIMARY KEY (`id_disponibilidad`),
  INDEX `fk_DISPONIBILIDADES_HUERTAS1_idx` (`HUERTAS_id_huerta` ASC),
  CONSTRAINT `fk_DISPONIBILIDADES_HUERTAS1`
    FOREIGN KEY (`HUERTAS_id_huerta`)
    REFERENCES `radiko_db`.`HUERTAS` (`id_huerta`)
    ON DELETE NO ACTION
    ON UPDATE NO ACTION)
ENGINE = InnoDB;


-- -----------------------------------------------------
-- Table `radiko_db`.`PEDIDOS`
-- -----------------------------------------------------
CREATE TABLE IF NOT EXISTS `radiko_db`.`PEDIDOS` (
  `id_pedido` INT UNSIGNED NOT NULL AUTO_INCREMENT,
  `fecha_pedido` DATETIME NOT NULL,
  `subtotal` FLOAT(8,2) NOT NULL,
  `observaciones` TEXT(1000) NULL,
  `CLIENTES_fk_usuario` INT UNSIGNED NOT NULL,
  `ENVIO_id_envio` INT UNSIGNED NOT NULL,
  `TIPO_PAGO_id_tipo_pago` TINYINT(2) UNSIGNED NOT NULL,
  `ESTADO_PEDIDO_id_estado` TINYINT(2) UNSIGNED NOT NULL,
  `DISPONIBILIDAD_id_disponibilidad` INT UNSIGNED NOT NULL,
  `HUERTAS_id_huerta` INT UNSIGNED NOT NULL,
  PRIMARY KEY (`id_pedido`),
  INDEX `fk_PEDIDOS_CLIENTES1_idx` (`CLIENTES_fk_usuario` ASC),
  INDEX `fk_PEDIDOS_ENVIO1_idx` (`ENVIO_id_envio` ASC),
  INDEX `fk_PEDIDOS_TIPO_PAGO1_idx` (`TIPO_PAGO_id_tipo_pago` ASC),
  INDEX `fk_PEDIDOS_ESTADO_PEDIDO1_idx` (`ESTADO_PEDIDO_id_estado` ASC),
  INDEX `fk_PEDIDOS_DISPONIBILIDAD1_idx` (`DISPONIBILIDAD_id_disponibilidad` ASC),
  INDEX `fk_PEDIDOS_HUERTAS1_idx` (`HUERTAS_id_huerta` ASC),
  CONSTRAINT `fk_PEDIDOS_CLIENTES1`
    FOREIGN KEY (`CLIENTES_fk_usuario`)
    REFERENCES `radiko_db`.`CLIENTES` (`fk_usuario`)
    ON DELETE RESTRICT
    ON UPDATE CASCADE,
  CONSTRAINT `fk_PEDIDOS_ENVIO1`
    FOREIGN KEY (`ENVIO_id_envio`)
    REFERENCES `radiko_db`.`ENVIOS` (`id_envio`)
    ON DELETE RESTRICT
    ON UPDATE CASCADE,
  CONSTRAINT `fk_PEDIDOS_TIPO_PAGO1`
    FOREIGN KEY (`TIPO_PAGO_id_tipo_pago`)
    REFERENCES `radiko_db`.`TIPOS_PAGOS` (`id_tipo_pago`)
    ON DELETE RESTRICT
    ON UPDATE CASCADE,
  CONSTRAINT `fk_PEDIDOS_ESTADO_PEDIDO1`
    FOREIGN KEY (`ESTADO_PEDIDO_id_estado`)
    REFERENCES `radiko_db`.`ESTADOS_PEDIDOS` (`id_estado`)
    ON DELETE RESTRICT
    ON UPDATE CASCADE,
  CONSTRAINT `fk_PEDIDOS_DISPONIBILIDAD1`
    FOREIGN KEY (`DISPONIBILIDAD_id_disponibilidad`)
    REFERENCES `radiko_db`.`DISPONIBILIDADES` (`id_disponibilidad`)
    ON DELETE RESTRICT
    ON UPDATE CASCADE,
  CONSTRAINT `fk_PEDIDOS_HUERTAS1`
    FOREIGN KEY (`HUERTAS_id_huerta`)
    REFERENCES `radiko_db`.`HUERTAS` (`id_huerta`)
    ON DELETE NO ACTION
    ON UPDATE NO ACTION)
ENGINE = InnoDB;


-- -----------------------------------------------------
-- Table `radiko_db`.`LOG_EVENTOS`
-- -----------------------------------------------------
CREATE TABLE IF NOT EXISTS `radiko_db`.`LOG_EVENTOS` (
  `id_log_eventos` INT NOT NULL AUTO_INCREMENT,
  `accion` VARCHAR(255) NOT NULL,
  `ip` VARCHAR(45) NOT NULL,
  `fecha_evento` DATETIME NOT NULL,
  `USUARIOS_id_usuario` INT UNSIGNED NOT NULL,
  PRIMARY KEY (`id_log_eventos`),
  INDEX `fk_LOG_EVENTOS_USUARIOS1_idx` (`USUARIOS_id_usuario` ASC),
  CONSTRAINT `fk_LOG_EVENTOS_USUARIOS1`
    FOREIGN KEY (`USUARIOS_id_usuario`)
    REFERENCES `radiko_db`.`USUARIOS` (`id_usuario`)
    ON DELETE RESTRICT
    ON UPDATE CASCADE)
ENGINE = InnoDB;


-- -----------------------------------------------------
-- Table `radiko_db`.`REL_PEDIDOS_PRODUCTOS`
-- -----------------------------------------------------
CREATE TABLE IF NOT EXISTS `radiko_db`.`REL_PEDIDOS_PRODUCTOS` (
  `PRODUCTOS_id_producto` INT UNSIGNED NOT NULL,
  `PEDIDOS_id_pedido` INT UNSIGNED NOT NULL,
  `precio` FLOAT(6,2) NOT NULL,
  `cantidad` TINYINT(2) NOT NULL,
  PRIMARY KEY (`PRODUCTOS_id_producto`, `PEDIDOS_id_pedido`),
  INDEX `fk_PRODUCTOS_has_PEDIDOS_PEDIDOS1_idx` (`PEDIDOS_id_pedido` ASC),
  INDEX `fk_PRODUCTOS_has_PEDIDOS_PRODUCTOS1_idx` (`PRODUCTOS_id_producto` ASC),
  CONSTRAINT `fk_PRODUCTOS_has_PEDIDOS_PRODUCTOS1`
    FOREIGN KEY (`PRODUCTOS_id_producto`)
    REFERENCES `radiko_db`.`PRODUCTOS` (`id_producto`)
    ON DELETE RESTRICT
    ON UPDATE CASCADE,
  CONSTRAINT `fk_PRODUCTOS_has_PEDIDOS_PEDIDOS1`
    FOREIGN KEY (`PEDIDOS_id_pedido`)
    REFERENCES `radiko_db`.`PEDIDOS` (`id_pedido`)
    ON DELETE RESTRICT
    ON UPDATE CASCADE)
ENGINE = InnoDB;


-- -----------------------------------------------------
-- Table `radiko_db`.`REL_HUERTAS_CLIENTES_REVIEW`
-- -----------------------------------------------------
CREATE TABLE IF NOT EXISTS `radiko_db`.`REL_HUERTAS_CLIENTES_REVIEW` (
  `HUERTAS_id_huerta` INT UNSIGNED NOT NULL,
  `CLIENTES_fk_usuario` INT UNSIGNED NOT NULL,
  `estrellas` TINYINT(1) NOT NULL,
  `comentaro` TEXT NULL,
  `fecha` DATETIME NOT NULL,
  PRIMARY KEY (`HUERTAS_id_huerta`, `CLIENTES_fk_usuario`),
  INDEX `fk_HUERTAS_has_CLIENTES_CLIENTES1_idx` (`CLIENTES_fk_usuario` ASC),
  INDEX `fk_HUERTAS_has_CLIENTES_HUERTAS1_idx` (`HUERTAS_id_huerta` ASC),
  CONSTRAINT `fk_HUERTAS_has_CLIENTES_HUERTAS1`
    FOREIGN KEY (`HUERTAS_id_huerta`)
    REFERENCES `radiko_db`.`HUERTAS` (`id_huerta`)
    ON DELETE NO ACTION
    ON UPDATE NO ACTION,
  CONSTRAINT `fk_HUERTAS_has_CLIENTES_CLIENTES1`
    FOREIGN KEY (`CLIENTES_fk_usuario`)
    REFERENCES `radiko_db`.`CLIENTES` (`fk_usuario`)
    ON DELETE NO ACTION
    ON UPDATE NO ACTION)
ENGINE = InnoDB;


SET SQL_MODE=@OLD_SQL_MODE;
SET FOREIGN_KEY_CHECKS=@OLD_FOREIGN_KEY_CHECKS;
SET UNIQUE_CHECKS=@OLD_UNIQUE_CHECKS;

-- -----------------------------------------------------
-- Data for table `radiko_db`.`USUARIOS`
-- -----------------------------------------------------
START TRANSACTION;
USE `radiko_db`;
INSERT INTO `radiko_db`.`USUARIOS` (`id_usuario`, `nombre`, `apellido`, `email`, `password`, `telefono`, `foto`, `fecha_alta`, `estado`) VALUES (1, 'Laura', 'Mitono', 'lau@mail.com', '123', '15-3007-3980', NULL, '2018-06-01 12:10:00', 'activo');
INSERT INTO `radiko_db`.`USUARIOS` (`id_usuario`, `nombre`, `apellido`, `email`, `password`, `telefono`, `foto`, `fecha_alta`, `estado`) VALUES (2, 'Florencia', 'Ederli', 'fespi@mail.com', '123', '', NULL, '2018-06-01 12:10:00', 'activo');
INSERT INTO `radiko_db`.`USUARIOS` (`id_usuario`, `nombre`, `apellido`, `email`, `password`, `telefono`, `foto`, `fecha_alta`, `estado`) VALUES (3, 'Florencia', 'Sepúlveda', 'flor@mail.com', '123', '2365-4578', NULL, '2018-06-01 12:10:00', 'activo');
INSERT INTO `radiko_db`.`USUARIOS` (`id_usuario`, `nombre`, `apellido`, `email`, `password`, `telefono`, `foto`, `fecha_alta`, `estado`) VALUES (4, 'Emiliano', 'Hotes', 'emi@mail.com', '123', '23544568', NULL, '2018-06-01 12:10:00', 'activo');
INSERT INTO `radiko_db`.`USUARIOS` (`id_usuario`, `nombre`, `apellido`, `email`, `password`, `telefono`, `foto`, `fecha_alta`, `estado`) VALUES (5, 'Germán', 'Rodríguez', 'ger@mail.com', '123', '15-8475-3654', NULL, '2018-07-05 12:10:00', 'activo');
INSERT INTO `radiko_db`.`USUARIOS` (`id_usuario`, `nombre`, `apellido`, `email`, `password`, `telefono`, `foto`, `fecha_alta`, `estado`) VALUES (6, 'Federico', 'Noto', 'fede@mail.com', '123', '', NULL, '2018-07-20 12:10:00', 'suspendido');
INSERT INTO `radiko_db`.`USUARIOS` (`id_usuario`, `nombre`, `apellido`, `email`, `password`, `telefono`, `foto`, `fecha_alta`, `estado`) VALUES (7, 'Santiago', 'Gallino', 'santi@mail.com', '123', '25484569', NULL, '2018-08-10 12:10:00', 'activo');
INSERT INTO `radiko_db`.`USUARIOS` (`id_usuario`, `nombre`, `apellido`, `email`, `password`, `telefono`, `foto`, `fecha_alta`, `estado`) VALUES (8, 'Mabel', 'García', 'mabe@mail.com', '123', '15-2136-5478', NULL, '2018-08-12 12:10:00', 'activo');
INSERT INTO `radiko_db`.`USUARIOS` (`id_usuario`, `nombre`, `apellido`, `email`, `password`, `telefono`, `foto`, `fecha_alta`, `estado`) VALUES (9, 'Jardín Orgánico', NULL, 'info@jardinorganico.com.ar', '123', '11 4568-1223', 'jardinorganico.jpg', '2018-07-15 12:10:00', 'activo');
INSERT INTO `radiko_db`.`USUARIOS` (`id_usuario`, `nombre`, `apellido`, `email`, `password`, `telefono`, `foto`, `fecha_alta`, `estado`) VALUES (10, 'Huertas Orgánicas Urbanas', NULL, 'hola@huertaorganica.com.ar', '123', '11-6547-8542', 'huerta.jpg', '2018-07-12 12:10:00', 'suspendido');
INSERT INTO `radiko_db`.`USUARIOS` (`id_usuario`, `nombre`, `apellido`, `email`, `password`, `telefono`, `foto`, `fecha_alta`, `estado`) VALUES (11, 'Tallo Verde', NULL, 'huerta@talloverde.com', '123', '0-800-88-82556', 'talloverde.jpg', '2018-08-05 12:10:00', 'pendiente de pago');
INSERT INTO `radiko_db`.`USUARIOS` (`id_usuario`, `nombre`, `apellido`, `email`, `password`, `telefono`, `foto`, `fecha_alta`, `estado`) VALUES (12, 'Estilo Orgánico', NULL, 'info@estilorganico.com', '123', '15-2839-83358', 'estiloorganico.jpg', '2018-08-22 12:10:00', 'dado de baja');

COMMIT;


-- -----------------------------------------------------
-- Data for table `radiko_db`.`ADMINISTRADORES`
-- -----------------------------------------------------
START TRANSACTION;
USE `radiko_db`;
INSERT INTO `radiko_db`.`ADMINISTRADORES` (`fk_usuario`) VALUES (1);
INSERT INTO `radiko_db`.`ADMINISTRADORES` (`fk_usuario`) VALUES (2);
INSERT INTO `radiko_db`.`ADMINISTRADORES` (`fk_usuario`) VALUES (3);
INSERT INTO `radiko_db`.`ADMINISTRADORES` (`fk_usuario`) VALUES (4);

COMMIT;


-- -----------------------------------------------------
-- Data for table `radiko_db`.`CLIENTES`
-- -----------------------------------------------------
START TRANSACTION;
USE `radiko_db`;
INSERT INTO `radiko_db`.`CLIENTES` (`fk_usuario`, `dni`, `fecha_nac`) VALUES (5, 27654321, '1978-09-01');
INSERT INTO `radiko_db`.`CLIENTES` (`fk_usuario`, `dni`, `fecha_nac`) VALUES (6, 30547896, '1985-06-21');
INSERT INTO `radiko_db`.`CLIENTES` (`fk_usuario`, `dni`, `fecha_nac`) VALUES (7, 30543216, NULL);
INSERT INTO `radiko_db`.`CLIENTES` (`fk_usuario`, `dni`, `fecha_nac`) VALUES (8, 29456789, '1980-11-19');

COMMIT;


-- -----------------------------------------------------
-- Data for table `radiko_db`.`TIPOS_HUERTAS`
-- -----------------------------------------------------
START TRANSACTION;
USE `radiko_db`;
INSERT INTO `radiko_db`.`TIPOS_HUERTAS` (`id_tipo_huerta`, `tipo`) VALUES (1, 'básica');
INSERT INTO `radiko_db`.`TIPOS_HUERTAS` (`id_tipo_huerta`, `tipo`) VALUES (2, 'premium');

COMMIT;


-- -----------------------------------------------------
-- Data for table `radiko_db`.`HUERTAS`
-- -----------------------------------------------------
START TRANSACTION;
USE `radiko_db`;
INSERT INTO `radiko_db`.`HUERTAS` (`id_huerta`, `nombre_huerta`, `cuit`, `razon_social`, `direccion`, `cantidad_max_envios`, `TIPO_HUERTA_id_tipo_huerta`, `USUARIOS_id_usuario`) VALUES (DEFAULT, DEFAULT, 30354568459, 'Huerta S.A.', NULL, 15, 1, DEFAULT);
INSERT INTO `radiko_db`.`HUERTAS` (`id_huerta`, `nombre_huerta`, `cuit`, `razon_social`, `direccion`, `cantidad_max_envios`, `TIPO_HUERTA_id_tipo_huerta`, `USUARIOS_id_usuario`) VALUES (DEFAULT, DEFAULT, 33214569528, 'Gonzales y Perez S.R.L', 'Av. Estado de Israel 4799', 20, 2, DEFAULT);
INSERT INTO `radiko_db`.`HUERTAS` (`id_huerta`, `nombre_huerta`, `cuit`, `razon_social`, `direccion`, `cantidad_max_envios`, `TIPO_HUERTA_id_tipo_huerta`, `USUARIOS_id_usuario`) VALUES (DEFAULT, DEFAULT, 34245632145, 'Tallo S.A.', 'Ruta 192 Km. 8 - Open Door - Luján', 10, 2, DEFAULT);
INSERT INTO `radiko_db`.`HUERTAS` (`id_huerta`, `nombre_huerta`, `cuit`, `razon_social`, `direccion`, `cantidad_max_envios`, `TIPO_HUERTA_id_tipo_huerta`, `USUARIOS_id_usuario`) VALUES (DEFAULT, DEFAULT, 30457896529, 'Gatofer y Asociados', '3 de Febrero 940 San Isidro Buenos ', 25, 1, DEFAULT);

COMMIT;


-- -----------------------------------------------------
-- Data for table `radiko_db`.`CATEGORIAS`
-- -----------------------------------------------------
START TRANSACTION;
USE `radiko_db`;
INSERT INTO `radiko_db`.`CATEGORIAS` (`id_categoria`, `categoria`, `descripcion`) VALUES (1, 'Frutas', NULL);
INSERT INTO `radiko_db`.`CATEGORIAS` (`id_categoria`, `categoria`, `descripcion`) VALUES (2, 'Verduras', NULL);
INSERT INTO `radiko_db`.`CATEGORIAS` (`id_categoria`, `categoria`, `descripcion`) VALUES (3, 'Harinas', NULL);
INSERT INTO `radiko_db`.`CATEGORIAS` (`id_categoria`, `categoria`, `descripcion`) VALUES (4, 'Granja', NULL);
INSERT INTO `radiko_db`.`CATEGORIAS` (`id_categoria`, `categoria`, `descripcion`) VALUES (5, 'Lacteos', NULL);
INSERT INTO `radiko_db`.`CATEGORIAS` (`id_categoria`, `categoria`, `descripcion`) VALUES (6, 'Carnes', NULL);
INSERT INTO `radiko_db`.`CATEGORIAS` (`id_categoria`, `categoria`, `descripcion`) VALUES (7, 'Especias', NULL);
INSERT INTO `radiko_db`.`CATEGORIAS` (`id_categoria`, `categoria`, `descripcion`) VALUES (8, 'Semillas', NULL);
INSERT INTO `radiko_db`.`CATEGORIAS` (`id_categoria`, `categoria`, `descripcion`) VALUES (9, 'Envasados', NULL);
INSERT INTO `radiko_db`.`CATEGORIAS` (`id_categoria`, `categoria`, `descripcion`) VALUES (10, 'Otros', NULL);

COMMIT;


-- -----------------------------------------------------
-- Data for table `radiko_db`.`UNIDADES_DE_MEDIDA`
-- -----------------------------------------------------
START TRANSACTION;
USE `radiko_db`;
INSERT INTO `radiko_db`.`UNIDADES_DE_MEDIDA` (`id_unidad_medida`, `unidad_de_medida`) VALUES (1, 'unidad');
INSERT INTO `radiko_db`.`UNIDADES_DE_MEDIDA` (`id_unidad_medida`, `unidad_de_medida`) VALUES (2, 'litro');
INSERT INTO `radiko_db`.`UNIDADES_DE_MEDIDA` (`id_unidad_medida`, `unidad_de_medida`) VALUES (3, 'centímetro cúbico');
INSERT INTO `radiko_db`.`UNIDADES_DE_MEDIDA` (`id_unidad_medida`, `unidad_de_medida`) VALUES (4, 'gramo');
INSERT INTO `radiko_db`.`UNIDADES_DE_MEDIDA` (`id_unidad_medida`, `unidad_de_medida`) VALUES (5, 'kilogramo');

COMMIT;


-- -----------------------------------------------------
-- Data for table `radiko_db`.`PRODUCTOS`
-- -----------------------------------------------------
START TRANSACTION;
USE `radiko_db`;
INSERT INTO `radiko_db`.`PRODUCTOS` (`id_producto`, `producto`, `descripcion`, `marca`, `precio`, `foto`, `stock`, `estado`, `fecha_alta`, `fecha_baja`, `HUERTAS_fk_usuario`, `CATEGORIAS_id_categoria`, `UNIDADES_DE_MEDIDA_id_unidad_medida`, `HUERTAS_id_huerta`) VALUES (1, 'tomate redondo', NULL, NULL, 30.5, NULL, 20, 1, '2018-07-25 15:02:00', DEFAULT, 9, 2, 5, DEFAULT);
INSERT INTO `radiko_db`.`PRODUCTOS` (`id_producto`, `producto`, `descripcion`, `marca`, `precio`, `foto`, `stock`, `estado`, `fecha_alta`, `fecha_baja`, `HUERTAS_fk_usuario`, `CATEGORIAS_id_categoria`, `UNIDADES_DE_MEDIDA_id_unidad_medida`, `HUERTAS_id_huerta`) VALUES (2, 'lechuga francesa', NULL, NULL, 25, NULL, 30, 1, '2018-07-25 15:02:00', DEFAULT, 9, 2, 5, DEFAULT);
INSERT INTO `radiko_db`.`PRODUCTOS` (`id_producto`, `producto`, `descripcion`, `marca`, `precio`, `foto`, `stock`, `estado`, `fecha_alta`, `fecha_baja`, `HUERTAS_fk_usuario`, `CATEGORIAS_id_categoria`, `UNIDADES_DE_MEDIDA_id_unidad_medida`, `HUERTAS_id_huerta`) VALUES (3, 'zanahoria', NULL, NULL, 15, NULL, 35, 0, '2018-07-25 15:02:00', DEFAULT, 9, 2, 5, DEFAULT);
INSERT INTO `radiko_db`.`PRODUCTOS` (`id_producto`, `producto`, `descripcion`, `marca`, `precio`, `foto`, `stock`, `estado`, `fecha_alta`, `fecha_baja`, `HUERTAS_fk_usuario`, `CATEGORIAS_id_categoria`, `UNIDADES_DE_MEDIDA_id_unidad_medida`, `HUERTAS_id_huerta`) VALUES (4, 'tomate redondo', NULL, NULL, 25.9, NULL, 10, 1, '2018-08-20 17:02:00', DEFAULT, 10, 2, 5, DEFAULT);
INSERT INTO `radiko_db`.`PRODUCTOS` (`id_producto`, `producto`, `descripcion`, `marca`, `precio`, `foto`, `stock`, `estado`, `fecha_alta`, `fecha_baja`, `HUERTAS_fk_usuario`, `CATEGORIAS_id_categoria`, `UNIDADES_DE_MEDIDA_id_unidad_medida`, `HUERTAS_id_huerta`) VALUES (5, 'mandarina', NULL, NULL, 24, NULL, 30, 1, '2018-08-20 17:02:00', DEFAULT, 10, 1, 5, DEFAULT);
INSERT INTO `radiko_db`.`PRODUCTOS` (`id_producto`, `producto`, `descripcion`, `marca`, `precio`, `foto`, `stock`, `estado`, `fecha_alta`, `fecha_baja`, `HUERTAS_fk_usuario`, `CATEGORIAS_id_categoria`, `UNIDADES_DE_MEDIDA_id_unidad_medida`, `HUERTAS_id_huerta`) VALUES (6, 'pan de salvado', NULL, NULL, 36, NULL, 50, 1, '2018-08-20 17:02:00', DEFAULT, 10, 9, 1, DEFAULT);
INSERT INTO `radiko_db`.`PRODUCTOS` (`id_producto`, `producto`, `descripcion`, `marca`, `precio`, `foto`, `stock`, `estado`, `fecha_alta`, `fecha_baja`, `HUERTAS_fk_usuario`, `CATEGORIAS_id_categoria`, `UNIDADES_DE_MEDIDA_id_unidad_medida`, `HUERTAS_id_huerta`) VALUES (8, 'aceite', NULL, NULL, 65, NULL, 20, 1, '2018-08-28 17:02:00', DEFAULT, 11, 9, 2, DEFAULT);
INSERT INTO `radiko_db`.`PRODUCTOS` (`id_producto`, `producto`, `descripcion`, `marca`, `precio`, `foto`, `stock`, `estado`, `fecha_alta`, `fecha_baja`, `HUERTAS_fk_usuario`, `CATEGORIAS_id_categoria`, `UNIDADES_DE_MEDIDA_id_unidad_medida`, `HUERTAS_id_huerta`) VALUES (9, 'queso de cabra', NULL, NULL, 130, NULL, 10, 0, '2018-08-28 17:02:00', DEFAULT, 11, 5, 4, DEFAULT);
INSERT INTO `radiko_db`.`PRODUCTOS` (`id_producto`, `producto`, `descripcion`, `marca`, `precio`, `foto`, `stock`, `estado`, `fecha_alta`, `fecha_baja`, `HUERTAS_fk_usuario`, `CATEGORIAS_id_categoria`, `UNIDADES_DE_MEDIDA_id_unidad_medida`, `HUERTAS_id_huerta`) VALUES (10, 'tofu', NULL, NULL, 100, NULL, 5, 1, '2018-08-28 17:02:00', DEFAULT, 11, 5, 4, DEFAULT);

COMMIT;


-- -----------------------------------------------------
-- Data for table `radiko_db`.`BARRIOS`
-- -----------------------------------------------------
START TRANSACTION;
USE `radiko_db`;
INSERT INTO `radiko_db`.`BARRIOS` (`id_barrio`, `barrio`) VALUES (1, 'Agronomía');
INSERT INTO `radiko_db`.`BARRIOS` (`id_barrio`, `barrio`) VALUES (2, 'Almagro');
INSERT INTO `radiko_db`.`BARRIOS` (`id_barrio`, `barrio`) VALUES (3, 'Balvanera');
INSERT INTO `radiko_db`.`BARRIOS` (`id_barrio`, `barrio`) VALUES (4, 'Barracas');
INSERT INTO `radiko_db`.`BARRIOS` (`id_barrio`, `barrio`) VALUES (5, 'Belgrano');
INSERT INTO `radiko_db`.`BARRIOS` (`id_barrio`, `barrio`) VALUES (6, 'Boedo');
INSERT INTO `radiko_db`.`BARRIOS` (`id_barrio`, `barrio`) VALUES (7, 'Caballito');
INSERT INTO `radiko_db`.`BARRIOS` (`id_barrio`, `barrio`) VALUES (8, 'Chacarita');
INSERT INTO `radiko_db`.`BARRIOS` (`id_barrio`, `barrio`) VALUES (9, 'Coghlan');
INSERT INTO `radiko_db`.`BARRIOS` (`id_barrio`, `barrio`) VALUES (10, 'Colegiales');
INSERT INTO `radiko_db`.`BARRIOS` (`id_barrio`, `barrio`) VALUES (11, 'Constitución');
INSERT INTO `radiko_db`.`BARRIOS` (`id_barrio`, `barrio`) VALUES (12, 'Flores');
INSERT INTO `radiko_db`.`BARRIOS` (`id_barrio`, `barrio`) VALUES (13, 'Floresta');
INSERT INTO `radiko_db`.`BARRIOS` (`id_barrio`, `barrio`) VALUES (14, 'La Boca');
INSERT INTO `radiko_db`.`BARRIOS` (`id_barrio`, `barrio`) VALUES (15, 'La Paternal');
INSERT INTO `radiko_db`.`BARRIOS` (`id_barrio`, `barrio`) VALUES (16, 'Liniers');
INSERT INTO `radiko_db`.`BARRIOS` (`id_barrio`, `barrio`) VALUES (17, 'Mataderos');
INSERT INTO `radiko_db`.`BARRIOS` (`id_barrio`, `barrio`) VALUES (18, 'Monte Castro');
INSERT INTO `radiko_db`.`BARRIOS` (`id_barrio`, `barrio`) VALUES (19, 'Montserrat');
INSERT INTO `radiko_db`.`BARRIOS` (`id_barrio`, `barrio`) VALUES (20, 'Nueva Pompeya');
INSERT INTO `radiko_db`.`BARRIOS` (`id_barrio`, `barrio`) VALUES (21, 'Nuñez');
INSERT INTO `radiko_db`.`BARRIOS` (`id_barrio`, `barrio`) VALUES (22, 'Palermo');
INSERT INTO `radiko_db`.`BARRIOS` (`id_barrio`, `barrio`) VALUES (23, 'Parque Avellaneda');
INSERT INTO `radiko_db`.`BARRIOS` (`id_barrio`, `barrio`) VALUES (24, 'Parque Chacabuco');
INSERT INTO `radiko_db`.`BARRIOS` (`id_barrio`, `barrio`) VALUES (25, 'Parque Chaz');
INSERT INTO `radiko_db`.`BARRIOS` (`id_barrio`, `barrio`) VALUES (26, 'Parque Patricios');
INSERT INTO `radiko_db`.`BARRIOS` (`id_barrio`, `barrio`) VALUES (27, 'Puerto Madero');
INSERT INTO `radiko_db`.`BARRIOS` (`id_barrio`, `barrio`) VALUES (28, 'Recoleta');
INSERT INTO `radiko_db`.`BARRIOS` (`id_barrio`, `barrio`) VALUES (29, 'Retiro');
INSERT INTO `radiko_db`.`BARRIOS` (`id_barrio`, `barrio`) VALUES (30, 'Saavedra');
INSERT INTO `radiko_db`.`BARRIOS` (`id_barrio`, `barrio`) VALUES (31, 'San Cristobal');
INSERT INTO `radiko_db`.`BARRIOS` (`id_barrio`, `barrio`) VALUES (32, 'San Nicolás');
INSERT INTO `radiko_db`.`BARRIOS` (`id_barrio`, `barrio`) VALUES (33, 'San Telmo');
INSERT INTO `radiko_db`.`BARRIOS` (`id_barrio`, `barrio`) VALUES (34, 'Versalles');
INSERT INTO `radiko_db`.`BARRIOS` (`id_barrio`, `barrio`) VALUES (35, 'Villa Crespo');
INSERT INTO `radiko_db`.`BARRIOS` (`id_barrio`, `barrio`) VALUES (36, 'Villa Deboto');
INSERT INTO `radiko_db`.`BARRIOS` (`id_barrio`, `barrio`) VALUES (37, 'Villa General Mitre');
INSERT INTO `radiko_db`.`BARRIOS` (`id_barrio`, `barrio`) VALUES (38, 'Villa Lugano');
INSERT INTO `radiko_db`.`BARRIOS` (`id_barrio`, `barrio`) VALUES (39, 'Villa Luro');
INSERT INTO `radiko_db`.`BARRIOS` (`id_barrio`, `barrio`) VALUES (40, 'Villa Ortúzar');
INSERT INTO `radiko_db`.`BARRIOS` (`id_barrio`, `barrio`) VALUES (41, 'Villa Pueyrredón');
INSERT INTO `radiko_db`.`BARRIOS` (`id_barrio`, `barrio`) VALUES (42, 'Villa Real');
INSERT INTO `radiko_db`.`BARRIOS` (`id_barrio`, `barrio`) VALUES (43, 'Villa Riachuelo');
INSERT INTO `radiko_db`.`BARRIOS` (`id_barrio`, `barrio`) VALUES (44, 'Villa Santa Rita');
INSERT INTO `radiko_db`.`BARRIOS` (`id_barrio`, `barrio`) VALUES (45, 'Villa Soldati');
INSERT INTO `radiko_db`.`BARRIOS` (`id_barrio`, `barrio`) VALUES (46, 'Villa Urquiza');
INSERT INTO `radiko_db`.`BARRIOS` (`id_barrio`, `barrio`) VALUES (47, 'Villa del Parque');
INSERT INTO `radiko_db`.`BARRIOS` (`id_barrio`, `barrio`) VALUES (48, 'Vélez Sarsfield');

COMMIT;


-- -----------------------------------------------------
-- Data for table `radiko_db`.`DIRECCIONES`
-- -----------------------------------------------------
START TRANSACTION;
USE `radiko_db`;
INSERT INTO `radiko_db`.`DIRECCIONES` (`id_direccion`, `referencia`, `calle`, `numero`, `piso`, `departamento`, `telefono`, `aclaracion`, `tipo`, `BARRIOS_id_barrio`, `CLIENTES_fk_usuario`) VALUES (1, 'Mi casa', 'Sarmiento', '1200', '1', 'D', NULL, 'Puerta negra', 1, 3, 5);
INSERT INTO `radiko_db`.`DIRECCIONES` (`id_direccion`, `referencia`, `calle`, `numero`, `piso`, `departamento`, `telefono`, `aclaracion`, `tipo`, `BARRIOS_id_barrio`, `CLIENTES_fk_usuario`) VALUES (2, 'Lo del tío', 'Ayacucho', '1571', '2', '1', '1565478254', NULL, 0, 28, 5);
INSERT INTO `radiko_db`.`DIRECCIONES` (`id_direccion`, `referencia`, `calle`, `numero`, `piso`, `departamento`, `telefono`, `aclaracion`, `tipo`, `BARRIOS_id_barrio`, `CLIENTES_fk_usuario`) VALUES (3, 'Casa de mamá', 'Godoy Cruz', '3008', NULL, NULL, '25476875', 'No funciona el timbre, pegar un grito', 1, 22, 6);
INSERT INTO `radiko_db`.`DIRECCIONES` (`id_direccion`, `referencia`, `calle`, `numero`, `piso`, `departamento`, `telefono`, `aclaracion`, `tipo`, `BARRIOS_id_barrio`, `CLIENTES_fk_usuario`) VALUES (4, NULL, 'Belgrano', '955', '5', 'A', '5647-8963', NULL, 1, 19, 7);
INSERT INTO `radiko_db`.`DIRECCIONES` (`id_direccion`, `referencia`, `calle`, `numero`, `piso`, `departamento`, `telefono`, `aclaracion`, `tipo`, `BARRIOS_id_barrio`, `CLIENTES_fk_usuario`) VALUES (5, 'Casa', 'Garay', '607', '2', NULL, '63217856', NULL, 1, 33, 8);
INSERT INTO `radiko_db`.`DIRECCIONES` (`id_direccion`, `referencia`, `calle`, `numero`, `piso`, `departamento`, `telefono`, `aclaracion`, `tipo`, `BARRIOS_id_barrio`, `CLIENTES_fk_usuario`) VALUES (6, 'Oficina', 'Pavón', '2500', '9', 'C', NULL, 'Dejar al Sr. de Seguridad', 0, 31, 7);

COMMIT;


-- -----------------------------------------------------
-- Data for table `radiko_db`.`ENVIOS`
-- -----------------------------------------------------
START TRANSACTION;
USE `radiko_db`;
INSERT INTO `radiko_db`.`ENVIOS` (`id_envio`, `costo_envio`, `fecha_envio`, `DIRECCIONES_id_direccion`) VALUES (1, NULL, '2018-08-05 16:30:00', 1);
INSERT INTO `radiko_db`.`ENVIOS` (`id_envio`, `costo_envio`, `fecha_envio`, `DIRECCIONES_id_direccion`) VALUES (2, 15, '2018-08-30 13:25:00', 3);
INSERT INTO `radiko_db`.`ENVIOS` (`id_envio`, `costo_envio`, `fecha_envio`, `DIRECCIONES_id_direccion`) VALUES (3, 15, '2018-09-01 19:00:00', 6);
INSERT INTO `radiko_db`.`ENVIOS` (`id_envio`, `costo_envio`, `fecha_envio`, `DIRECCIONES_id_direccion`) VALUES (4, 20, '2018-09-03 16:50:00', 5);

COMMIT;


-- -----------------------------------------------------
-- Data for table `radiko_db`.`TIPOS_PAGOS`
-- -----------------------------------------------------
START TRANSACTION;
USE `radiko_db`;
INSERT INTO `radiko_db`.`TIPOS_PAGOS` (`id_tipo_pago`, `tipo_pago`) VALUES (1, 'efectivo');
INSERT INTO `radiko_db`.`TIPOS_PAGOS` (`id_tipo_pago`, `tipo_pago`) VALUES (2, 'mercadopago');

COMMIT;


-- -----------------------------------------------------
-- Data for table `radiko_db`.`ESTADOS_PEDIDOS`
-- -----------------------------------------------------
START TRANSACTION;
USE `radiko_db`;
INSERT INTO `radiko_db`.`ESTADOS_PEDIDOS` (`id_estado`, `estado`) VALUES (1, 'pendiente de pago');
INSERT INTO `radiko_db`.`ESTADOS_PEDIDOS` (`id_estado`, `estado`) VALUES (2, 'pendiente de entrega');
INSERT INTO `radiko_db`.`ESTADOS_PEDIDOS` (`id_estado`, `estado`) VALUES (3, 'entregado');
INSERT INTO `radiko_db`.`ESTADOS_PEDIDOS` (`id_estado`, `estado`) VALUES (4, 'cancelado por el cliente');
INSERT INTO `radiko_db`.`ESTADOS_PEDIDOS` (`id_estado`, `estado`) VALUES (5, 'cancelado por la huerta');
INSERT INTO `radiko_db`.`ESTADOS_PEDIDOS` (`id_estado`, `estado`) VALUES (6, 'cancelado por el administrador');

COMMIT;


-- -----------------------------------------------------
-- Data for table `radiko_db`.`DISPONIBILIDADES`
-- -----------------------------------------------------
START TRANSACTION;
USE `radiko_db`;
INSERT INTO `radiko_db`.`DISPONIBILIDADES` (`id_disponibilidad`, `dias`, `horario_inicio`, `horario_final`, `HUERTAS_fk_usuario`, `HUERTAS_id_huerta`) VALUES (1, 'lunes', '09:00:00', '18:00:00', 9, DEFAULT);
INSERT INTO `radiko_db`.`DISPONIBILIDADES` (`id_disponibilidad`, `dias`, `horario_inicio`, `horario_final`, `HUERTAS_fk_usuario`, `HUERTAS_id_huerta`) VALUES (2, 'martes', '09:00:00', '18:00:00', 9, DEFAULT);
INSERT INTO `radiko_db`.`DISPONIBILIDADES` (`id_disponibilidad`, `dias`, `horario_inicio`, `horario_final`, `HUERTAS_fk_usuario`, `HUERTAS_id_huerta`) VALUES (3, 'jueves', '08:00:00', '17:00:00', 9, DEFAULT);
INSERT INTO `radiko_db`.`DISPONIBILIDADES` (`id_disponibilidad`, `dias`, `horario_inicio`, `horario_final`, `HUERTAS_fk_usuario`, `HUERTAS_id_huerta`) VALUES (4, 'viernes', '10:00:00', '19:00:00', 9, DEFAULT);
INSERT INTO `radiko_db`.`DISPONIBILIDADES` (`id_disponibilidad`, `dias`, `horario_inicio`, `horario_final`, `HUERTAS_fk_usuario`, `HUERTAS_id_huerta`) VALUES (6, 'martes', '08:00:00', '20:00:00', 10, DEFAULT);
INSERT INTO `radiko_db`.`DISPONIBILIDADES` (`id_disponibilidad`, `dias`, `horario_inicio`, `horario_final`, `HUERTAS_fk_usuario`, `HUERTAS_id_huerta`) VALUES (7, 'jueves', '08:00:00', '20:00:00', 10, DEFAULT);
INSERT INTO `radiko_db`.`DISPONIBILIDADES` (`id_disponibilidad`, `dias`, `horario_inicio`, `horario_final`, `HUERTAS_fk_usuario`, `HUERTAS_id_huerta`) VALUES (8, 'sábado', '08:00:00', '20:00:00', 10, DEFAULT);
INSERT INTO `radiko_db`.`DISPONIBILIDADES` (`id_disponibilidad`, `dias`, `horario_inicio`, `horario_final`, `HUERTAS_fk_usuario`, `HUERTAS_id_huerta`) VALUES (9, 'martes', '07:00:00', '12:00:00', 11, DEFAULT);
INSERT INTO `radiko_db`.`DISPONIBILIDADES` (`id_disponibilidad`, `dias`, `horario_inicio`, `horario_final`, `HUERTAS_fk_usuario`, `HUERTAS_id_huerta`) VALUES (10, 'martes', '15:00:00', '21:00:00', 11, DEFAULT);
INSERT INTO `radiko_db`.`DISPONIBILIDADES` (`id_disponibilidad`, `dias`, `horario_inicio`, `horario_final`, `HUERTAS_fk_usuario`, `HUERTAS_id_huerta`) VALUES (11, 'miercoles', '08:00:00', '18:00:00', 11, DEFAULT);
INSERT INTO `radiko_db`.`DISPONIBILIDADES` (`id_disponibilidad`, `dias`, `horario_inicio`, `horario_final`, `HUERTAS_fk_usuario`, `HUERTAS_id_huerta`) VALUES (12, 'sábado', '08:00:00', '18:00:00', 11, DEFAULT);
INSERT INTO `radiko_db`.`DISPONIBILIDADES` (`id_disponibilidad`, `dias`, `horario_inicio`, `horario_final`, `HUERTAS_fk_usuario`, `HUERTAS_id_huerta`) VALUES (13, 'jueves', '10:00:00', '20:00:00', 12, DEFAULT);
INSERT INTO `radiko_db`.`DISPONIBILIDADES` (`id_disponibilidad`, `dias`, `horario_inicio`, `horario_final`, `HUERTAS_fk_usuario`, `HUERTAS_id_huerta`) VALUES (14, 'viernes', '10:00:00', '20:00:00', 12, DEFAULT);
INSERT INTO `radiko_db`.`DISPONIBILIDADES` (`id_disponibilidad`, `dias`, `horario_inicio`, `horario_final`, `HUERTAS_fk_usuario`, `HUERTAS_id_huerta`) VALUES (15, 'sábado', '10:00:00', '20:00:00', 12, DEFAULT);
INSERT INTO `radiko_db`.`DISPONIBILIDADES` (`id_disponibilidad`, `dias`, `horario_inicio`, `horario_final`, `HUERTAS_fk_usuario`, `HUERTAS_id_huerta`) VALUES (16, 'domingo', '10:00:00', '14:00:00', 12, DEFAULT);

COMMIT;


-- -----------------------------------------------------
-- Data for table `radiko_db`.`PEDIDOS`
-- -----------------------------------------------------
START TRANSACTION;
USE `radiko_db`;
INSERT INTO `radiko_db`.`PEDIDOS` (`id_pedido`, `fecha_pedido`, `subtotal`, `observaciones`, `CLIENTES_fk_usuario`, `ENVIO_id_envio`, `TIPO_PAGO_id_tipo_pago`, `ESTADO_PEDIDO_id_estado`, `DISPONIBILIDAD_id_disponibilidad`, `HUERTAS_id_huerta`) VALUES (1, '2018-08-05 16:30:00', 101, NULL, 5, 1, 1, 2, 2, DEFAULT);
INSERT INTO `radiko_db`.`PEDIDOS` (`id_pedido`, `fecha_pedido`, `subtotal`, `observaciones`, `CLIENTES_fk_usuario`, `ENVIO_id_envio`, `TIPO_PAGO_id_tipo_pago`, `ESTADO_PEDIDO_id_estado`, `DISPONIBILIDAD_id_disponibilidad`, `HUERTAS_id_huerta`) VALUES (2, '2018-08-30 13:25:00', 325, NULL, 6, 2, 2, 1, 7, DEFAULT);
INSERT INTO `radiko_db`.`PEDIDOS` (`id_pedido`, `fecha_pedido`, `subtotal`, `observaciones`, `CLIENTES_fk_usuario`, `ENVIO_id_envio`, `TIPO_PAGO_id_tipo_pago`, `ESTADO_PEDIDO_id_estado`, `DISPONIBILIDAD_id_disponibilidad`, `HUERTAS_id_huerta`) VALUES (3, '2018-09-01 19:00:00', 103.6, NULL, 7, 3, 2, 3, 11, DEFAULT);
INSERT INTO `radiko_db`.`PEDIDOS` (`id_pedido`, `fecha_pedido`, `subtotal`, `observaciones`, `CLIENTES_fk_usuario`, `ENVIO_id_envio`, `TIPO_PAGO_id_tipo_pago`, `ESTADO_PEDIDO_id_estado`, `DISPONIBILIDAD_id_disponibilidad`, `HUERTAS_id_huerta`) VALUES (4, '2018-09-03 16:50:00', 170, NULL, 8, 4, 2, 4, 12, DEFAULT);

COMMIT;


-- -----------------------------------------------------
-- Data for table `radiko_db`.`LOG_EVENTOS`
-- -----------------------------------------------------
START TRANSACTION;
USE `radiko_db`;
INSERT INTO `radiko_db`.`LOG_EVENTOS` (`id_log_eventos`, `accion`, `ip`, `fecha_evento`, `USUARIOS_id_usuario`) VALUES (1, 'Alta en sistema', '192.168.20.168', '2018-07-05 12:10:00', 5);
INSERT INTO `radiko_db`.`LOG_EVENTOS` (`id_log_eventos`, `accion`, `ip`, `fecha_evento`, `USUARIOS_id_usuario`) VALUES (2, 'Realización de pedido #1', '192.168.20.168', '2018-08-05 16:30:00', 5);
INSERT INTO `radiko_db`.`LOG_EVENTOS` (`id_log_eventos`, `accion`, `ip`, `fecha_evento`, `USUARIOS_id_usuario`) VALUES (3, 'Nueva dirección', '192.168.20.168', '2018-07-05 16:30:00', 5);
INSERT INTO `radiko_db`.`LOG_EVENTOS` (`id_log_eventos`, `accion`, `ip`, `fecha_evento`, `USUARIOS_id_usuario`) VALUES (4, 'Alta en sistema', '192.168.30.180', '2018-07-20 12:10:00', 6);
INSERT INTO `radiko_db`.`LOG_EVENTOS` (`id_log_eventos`, `accion`, `ip`, `fecha_evento`, `USUARIOS_id_usuario`) VALUES (5, 'Realización de pedido #2', '192.168.30.180', '2018-08-30 13:25:00', 6);
INSERT INTO `radiko_db`.`LOG_EVENTOS` (`id_log_eventos`, `accion`, `ip`, `fecha_evento`, `USUARIOS_id_usuario`) VALUES (6, 'Cancelación de pedido #4', '195.168.12.160', '2018-09-03 18:50:00', 8);
INSERT INTO `radiko_db`.`LOG_EVENTOS` (`id_log_eventos`, `accion`, `ip`, `fecha_evento`, `USUARIOS_id_usuario`) VALUES (7, 'Incorporación producto #1', '198.168.22.168', '2018-07-25 15:02:00', 9);
INSERT INTO `radiko_db`.`LOG_EVENTOS` (`id_log_eventos`, `accion`, `ip`, `fecha_evento`, `USUARIOS_id_usuario`) VALUES (8, 'Incorporación producto #2', '198.168.22.168', '2018-07-25 15:02:00', 9);
INSERT INTO `radiko_db`.`LOG_EVENTOS` (`id_log_eventos`, `accion`, `ip`, `fecha_evento`, `USUARIOS_id_usuario`) VALUES (9, 'Baja de producto #2', '198.168.22.168', '2018-08-05 16:00:00', 9);

COMMIT;


-- -----------------------------------------------------
-- Data for table `radiko_db`.`REL_PEDIDOS_PRODUCTOS`
-- -----------------------------------------------------
START TRANSACTION;
USE `radiko_db`;
INSERT INTO `radiko_db`.`REL_PEDIDOS_PRODUCTOS` (`PRODUCTOS_id_producto`, `PEDIDOS_id_pedido`, `precio`, `cantidad`) VALUES (1, 1, 61, 2);
INSERT INTO `radiko_db`.`REL_PEDIDOS_PRODUCTOS` (`PRODUCTOS_id_producto`, `PEDIDOS_id_pedido`, `precio`, `cantidad`) VALUES (2, 1, 25, 1);
INSERT INTO `radiko_db`.`REL_PEDIDOS_PRODUCTOS` (`PRODUCTOS_id_producto`, `PEDIDOS_id_pedido`, `precio`, `cantidad`) VALUES (3, 1, 15, 1);
INSERT INTO `radiko_db`.`REL_PEDIDOS_PRODUCTOS` (`PRODUCTOS_id_producto`, `PEDIDOS_id_pedido`, `precio`, `cantidad`) VALUES (8, 2, 195, 3);
INSERT INTO `radiko_db`.`REL_PEDIDOS_PRODUCTOS` (`PRODUCTOS_id_producto`, `PEDIDOS_id_pedido`, `precio`, `cantidad`) VALUES (9, 2, 130, 1);
INSERT INTO `radiko_db`.`REL_PEDIDOS_PRODUCTOS` (`PRODUCTOS_id_producto`, `PEDIDOS_id_pedido`, `precio`, `cantidad`) VALUES (4, 3, 103.6, 5);
INSERT INTO `radiko_db`.`REL_PEDIDOS_PRODUCTOS` (`PRODUCTOS_id_producto`, `PEDIDOS_id_pedido`, `precio`, `cantidad`) VALUES (2, 4, 100, 4);
INSERT INTO `radiko_db`.`REL_PEDIDOS_PRODUCTOS` (`PRODUCTOS_id_producto`, `PEDIDOS_id_pedido`, `precio`, `cantidad`) VALUES (3, 4, 70, 2);

COMMIT;

